
USE BBLLGSB
/*Utilisation de la base de données BBLLGSB*/

GO

/* insertion dans la base */

/* Insetion VISITEUR */ 
INSERT INTO VISITEUR (VIS_MATRICULE,VIS_NOM,Vis_PRENOM,VIS_ADRESSE,VIS_CP,VIS_VILLE,VIS_DATEEMBAUCHE) 
VALUES ('V001','Villechalane','Louis','8 cours Lafontaine','29000','BREST','11/12/2018')
INSERT INTO VISITEUR (VIS_MATRICULE,VIS_NOM,Vis_PRENOM,VIS_ADRESSE,VIS_CP,VIS_VILLE,VIS_DATEEMBAUCHE)
 VALUES ('V002','Andre','David','1 r Aimon de Chissée','38100','GRENOBLE','26/08/2019')
INSERT INTO VISITEUR (VIS_MATRICULE,VIS_NOM,Vis_PRENOM,VIS_ADRESSE,VIS_CP,VIS_VILLE,VIS_DATEEMBAUCHE)
 VALUES ('V003','Bedos','Christian','1 r Bénédictins','65000','TARBES','17/07/2017')
INSERT INTO VISITEUR (VIS_MATRICULE,VIS_NOM,Vis_PRENOM,VIS_ADRESSE,VIS_CP,VIS_VILLE,VIS_DATEEMBAUCHE)
 VALUES ('V004','Tusseau','Louis','22 r Renou','86000','POITIERS','02/01/2017')
INSERT INTO VISITEUR (VIS_MATRICULE,VIS_NOM,Vis_PRENOM,VIS_ADRESSE,VIS_CP,VIS_VILLE,VIS_DATEEMBAUCHE)
 VALUES ('V005','Bentot','Pascal','11 av 6 Juin','67000','STRASBOURG','11/03/2010')
INSERT INTO VISITEUR (VIS_MATRICULE,VIS_NOM,Vis_PRENOM,VIS_ADRESSE,VIS_CP,VIS_VILLE,VIS_DATEEMBAUCHE)
 VALUES ('V006','Bioret','Luc','1 r Linne','35000','RENNES','21/03/2014')
INSERT INTO VISITEUR (VIS_MATRICULE,VIS_NOM,Vis_PRENOM,VIS_ADRESSE,VIS_CP,VIS_VILLE,VIS_DATEEMBAUCHE)
 VALUES ('V007','Bunisset','Francis','10 r Nicolas Chorier','85000','LA ROCHE SUR YON','31/01/2009')
INSERT INTO VISITEUR (VIS_MATRICULE,VIS_NOM,Vis_PRENOM,VIS_ADRESSE,VIS_CP,VIS_VILLE,VIS_DATEEMBAUCHE)
 VALUES ('V008','Bunisset','Denise','1 r Lionne','49100','ANGERS','03/07/2014')
INSERT INTO VISITEUR (VIS_MATRICULE,VIS_NOM,Vis_PRENOM,VIS_ADRESSE,VIS_CP,VIS_VILLE,VIS_DATEEMBAUCHE)
 VALUES ('V009','Cacheux','Bernard','114 r Authie','34000','MONTPELLIER','02/08/2009')
INSERT INTO VISITEUR (VIS_MATRICULE,VIS_NOM,Vis_PRENOM,VIS_ADRESSE,VIS_CP,VIS_VILLE,VIS_DATEEMBAUCHE)
 VALUES ('V010','Cadic','Eric','123 r Caponière','41000','BLOIS','06/01/2015')
INSERT INTO VISITEUR (VIS_MATRICULE,VIS_NOM,Vis_PRENOM,VIS_ADRESSE,VIS_CP,VIS_VILLE,VIS_DATEEMBAUCHE)
 VALUES ('V011','Charoze','Catherine','100 pl Géants','33000','BORDEAUX','06/01/2015')
INSERT INTO VISITEUR (VIS_MATRICULE,VIS_NOM,Vis_PRENOM,VIS_ADRESSE,VIS_CP,VIS_VILLE,VIS_DATEEMBAUCHE)
 VALUES ('V012','Clepkens','Christophe','12 r Fédérico Garcia Lorca','13000','MARSEILLE','06/01/2018')
INSERT INTO VISITEUR (VIS_MATRICULE,VIS_NOM,Vis_PRENOM,VIS_ADRESSE,VIS_CP,VIS_VILLE,VIS_DATEEMBAUCHE)
 VALUES ('V013','Cottin','Vincenne','36 sq Capucins','05000','GAP','06/01/2018')
INSERT INTO VISITEUR (VIS_MATRICULE,VIS_NOM,Vis_PRENOM,VIS_ADRESSE,VIS_CP,VIS_VILLE,VIS_DATEEMBAUCHE)
 VALUES ('V014','Daburon','François','13 r Champs Elysées','06000','NICE','01/02/2009')
INSERT INTO VISITEUR (VIS_MATRICULE,VIS_NOM,Vis_PRENOM,VIS_ADRESSE,VIS_CP,VIS_VILLE,VIS_DATEEMBAUCHE) 
VALUES ('V015','De','Philippe','13 r Charles Peguy','10000','TROYES','05/05/2018')
INSERT INTO VISITEUR (VIS_MATRICULE,VIS_NOM,Vis_PRENOM,VIS_ADRESSE,VIS_CP,VIS_VILLE,VIS_DATEEMBAUCHE) 
VALUES ('V016','Debelle','Michel','181 r Caponière','88000','EPINAL','09/04/2001')
INSERT INTO VISITEUR (VIS_MATRICULE,VIS_NOM,Vis_PRENOM,VIS_ADRESSE,VIS_CP,VIS_VILLE,VIS_DATEEMBAUCHE) 
VALUES ('V017','Debelle','Jeanne','134 r Stalingrad','44000','NANTES','05/12/2005')
INSERT INTO VISITEUR (VIS_MATRICULE,VIS_NOM,Vis_PRENOM,VIS_ADRESSE,VIS_CP,VIS_VILLE,VIS_DATEEMBAUCHE) 
VALUES ('V018','Debroise','Michel','2 av 6 Juin','70000','VESOUL','18/11/2005')
INSERT INTO VISITEUR (VIS_MATRICULE,VIS_NOM,Vis_PRENOM,VIS_ADRESSE,VIS_CP,VIS_VILLE,VIS_DATEEMBAUCHE) 
VALUES ('V019','Desmarquest','Nathalie','14 r Fédérico Garcia Lorca','54000','NANCY','24/03/2003')
INSERT INTO VISITEUR (VIS_MATRICULE,VIS_NOM,Vis_PRENOM,VIS_ADRESSE,VIS_CP,VIS_VILLE,VIS_DATEEMBAUCHE) 
VALUES ('V020','Desnost','Pierre','16 r Barral de Montferrat','55000','VERDUN','17/05/2003')
INSERT INTO VISITEUR (VIS_MATRICULE,VIS_NOM,Vis_PRENOM,VIS_ADRESSE,VIS_CP,VIS_VILLE,VIS_DATEEMBAUCHE) 
VALUES ('V021','Dudouit','Frédéric','18 quai Xavier Jouvin','75000','PARIS','26/04/2008')
INSERT INTO VISITEUR (VIS_MATRICULE,VIS_NOM,Vis_PRENOM,VIS_ADRESSE,VIS_CP,VIS_VILLE,VIS_DATEEMBAUCHE) 
VALUES ('V022','Duncombe','Claude','19 av Alsace Lorraine','09000','FOIX','19/02/2006')
INSERT INTO VISITEUR (VIS_MATRICULE,VIS_NOM,Vis_PRENOM,VIS_ADRESSE,VIS_CP,VIS_VILLE,VIS_DATEEMBAUCHE) 
VALUES ('V023','Enault-Pascreau','Céline','25B r Stalingrad','40000','MONT DE MARSAN','27/11/2010')
INSERT INTO VISITEUR (VIS_MATRICULE,VIS_NOM,Vis_PRENOM,VIS_ADRESSE,VIS_CP,VIS_VILLE,VIS_DATEEMBAUCHE) 
VALUES ('V024','Eynde','Valérie','3 r Henri Moissan','76000','ROUEN','31/10/2010')
INSERT INTO VISITEUR (VIS_MATRICULE,VIS_NOM,Vis_PRENOM,VIS_ADRESSE,VIS_CP,VIS_VILLE,VIS_DATEEMBAUCHE) 
VALUES ('V025','Finck','Jacques','rte Montreuil Bellay','74000','ANNECY','08/06/2012')
INSERT INTO VISITEUR (VIS_MATRICULE,VIS_NOM,Vis_PRENOM,VIS_ADRESSE,VIS_CP,VIS_VILLE,VIS_DATEEMBAUCHE) 
VALUES ('V026','Frémont','Fernande','4 r Jean Giono','69000','LYON','15/02/2012')
INSERT INTO VISITEUR (VIS_MATRICULE,VIS_NOM,Vis_PRENOM,VIS_ADRESSE,VIS_CP,VIS_VILLE,VIS_DATEEMBAUCHE) 
VALUES ('V027','Gest','Alain','30 r Authie','46000','FIGEAC','03/05/2009')
INSERT INTO VISITEUR (VIS_MATRICULE,VIS_NOM,Vis_PRENOM,VIS_ADRESSE,VIS_CP,VIS_VILLE,VIS_DATEEMBAUCHE) 
VALUES ('V028','Gheysen','Galassus','32 bd Mar Foch','75000','PARIS','18/01/2009')
INSERT INTO VISITEUR (VIS_MATRICULE,VIS_NOM,Vis_PRENOM,VIS_ADRESSE,VIS_CP,VIS_VILLE,VIS_DATEEMBAUCHE) 
VALUES ('V029','Girard','Yvon','31 av 6 Juin','80000','AMIENS','27/03/2009')
INSERT INTO VISITEUR (VIS_MATRICULE,VIS_NOM,Vis_PRENOM,VIS_ADRESSE,VIS_CP,VIS_VILLE,VIS_DATEEMBAUCHE) 
VALUES ('V030','Gombert','Luc','32 r Emile Gueymard','56000','VANNES','02/10/2010')


/* Insertion TYPE_PRATICIEN */
INSERT INTO  TYPE_PRATICIEN (TYP_CODE,TYP_LIBELLE,TYP_LIEU) VALUES ('MH','Médecin Hospitalier','Hopital ou clinique')
INSERT INTO  TYPE_PRATICIEN (TYP_CODE,TYP_LIBELLE,TYP_LIEU) VALUES ('MV','Médecine de Ville','Cabinet')
INSERT INTO  TYPE_PRATICIEN (TYP_CODE,TYP_LIBELLE,TYP_LIEU) VALUES ('PH','Pharmacien Hospitalier','Hopital ou clinique')
INSERT INTO  TYPE_PRATICIEN (TYP_CODE,TYP_LIBELLE,TYP_LIEU) VALUES ('PO','Pharmacien Officine','Pharmacie')
INSERT INTO  TYPE_PRATICIEN (TYP_CODE,TYP_LIBELLE,TYP_LIEU) VALUES ('PS','Personnel de santé','Centre paramédical')

 
/* Insertion PRATICIEN */
INSERT INTO PRATICIEN (PRA_NOM,PRA_PRENOM,PRA_ADRESSE,PRA_CP,PRA_VILLE,TYP_CODE) 
VALUES ('Notini','Alain','114 r Authie','85000','LA ROCHE SUR YON','MH')
INSERT INTO PRATICIEN (PRA_NOM,PRA_PRENOM,PRA_ADRESSE,PRA_CP,PRA_VILLE,TYP_CODE) 
VALUES ('Gosselin','Albert','13 r Devon','41000','BLOIS','MV')
INSERT INTO PRATICIEN (PRA_NOM,PRA_PRENOM,PRA_ADRESSE,PRA_CP,PRA_VILLE,TYP_CODE) 
VALUES ('Delahaye','André','36 av 6 Juin','25000','BESANCON','PS')
INSERT INTO PRATICIEN (PRA_NOM,PRA_PRENOM,PRA_ADRESSE,PRA_CP,PRA_VILLE,TYP_CODE) 
VALUES ('Leroux','André','47 av Robert Schuman','60000','BEAUVAIS','PH')
INSERT INTO PRATICIEN (PRA_NOM,PRA_PRENOM,PRA_ADRESSE,PRA_CP,PRA_VILLE,TYP_CODE) 
VALUES ('Desmoulins','Anne','31 r St Jean','30000','NIMES','PO')
INSERT INTO PRATICIEN (PRA_NOM,PRA_PRENOM,PRA_ADRESSE,PRA_CP,PRA_VILLE,TYP_CODE) 
VALUES ('Mouel','Anne','27 r Auvergne','80000','AMIENS','MH')
INSERT INTO PRATICIEN (PRA_NOM,PRA_PRENOM,PRA_ADRESSE,PRA_CP,PRA_VILLE,TYP_CODE) 
VALUES ('Desgranges-Lentz','Antoine','1 r Albert de Mun','29000','MORLAIX','MV')
INSERT INTO PRATICIEN (PRA_NOM,PRA_PRENOM,PRA_ADRESSE,PRA_CP,PRA_VILLE,TYP_CODE) 
VALUES ('Marcouiller','Arnaud','31 r St Jean','68000','MULHOUSE','PS')
INSERT INTO PRATICIEN (PRA_NOM,PRA_PRENOM,PRA_ADRESSE,PRA_CP,PRA_VILLE,TYP_CODE) 
VALUES ('Dupuy','Benoit','9 r Demolombe','34000','MONTPELLIER','PH')
INSERT INTO PRATICIEN (PRA_NOM,PRA_PRENOM,PRA_ADRESSE,PRA_CP,PRA_VILLE,TYP_CODE) 
VALUES ('Lerat','Bernard','31 r St Jean','59000','LILLE','PO')
INSERT INTO PRATICIEN (PRA_NOM,PRA_PRENOM,PRA_ADRESSE,PRA_CP,PRA_VILLE,TYP_CODE) 
VALUES ('Marçais-Lefebvre','Bertrand','86Bis r Basse','67000','STRASBOURG','MH')
INSERT INTO PRATICIEN (PRA_NOM,PRA_PRENOM,PRA_ADRESSE,PRA_CP,PRA_VILLE,TYP_CODE) 
VALUES ('Boscher','Bruno','94 r Falaise','10000','TROYES','MV')
INSERT INTO PRATICIEN (PRA_NOM,PRA_PRENOM,PRA_ADRESSE,PRA_CP,PRA_VILLE,TYP_CODE) 
VALUES ('Morel','Catherine','21 r Chateaubriand','75000','PARIS','PS')
INSERT INTO PRATICIEN (PRA_NOM,PRA_PRENOM,PRA_ADRESSE,PRA_CP,PRA_VILLE,TYP_CODE) 
VALUES ('Guivarch','Chantal','4 av Gén Laperrine','45000','ORLEANS','PH')
INSERT INTO PRATICIEN (PRA_NOM,PRA_PRENOM,PRA_ADRESSE,PRA_CP,PRA_VILLE,TYP_CODE) 
VALUES ('Bessin-Grosdoit','Christophe','92 r Falaise','06000','NICE','PO')
INSERT INTO PRATICIEN (PRA_NOM,PRA_PRENOM,PRA_ADRESSE,PRA_CP,PRA_VILLE,TYP_CODE) 
VALUES ('Rossa','Claire','14 av Thiès','6000','NICE','MH')
INSERT INTO PRATICIEN (PRA_NOM,PRA_PRENOM,PRA_ADRESSE,PRA_CP,PRA_VILLE,TYP_CODE) 
VALUES ('Cauchy','Denis','5 av Ste Thérèse','11000','NARBONNE','MV')
INSERT INTO PRATICIEN (PRA_NOM,PRA_PRENOM,PRA_ADRESSE,PRA_CP,PRA_VILLE,TYP_CODE) 
VALUES ('Gaffé','Dominique','9 av 1ère Armée Française','35000','RENNES','PS')
INSERT INTO PRATICIEN (PRA_NOM,PRA_PRENOM,PRA_ADRESSE,PRA_CP,PRA_VILLE,TYP_CODE) 
VALUES ('Guenon','Dominique','98 bd Mar Lyautey','44000','NANTES','PH')
INSERT INTO PRATICIEN (PRA_NOM,PRA_PRENOM,PRA_ADRESSE,PRA_CP,PRA_VILLE,TYP_CODE) 
VALUES ('Prévot','Dominique','29 r Lucien Nelle','87000','LIMOGES','PO')
INSERT INTO PRATICIEN (PRA_NOM,PRA_PRENOM,PRA_ADRESSE,PRA_CP,PRA_VILLE,TYP_CODE) 
VALUES ('Houchard','Eliane','9 r Demolombe','49100','ANGERS','MH')
INSERT INTO PRATICIEN (PRA_NOM,PRA_PRENOM,PRA_ADRESSE,PRA_CP,PRA_VILLE,TYP_CODE) 
VALUES ('Desmons','Elisabeth','51 r Bernières','29000','QUIMPER','MV')
INSERT INTO PRATICIEN (PRA_NOM,PRA_PRENOM,PRA_ADRESSE,PRA_CP,PRA_VILLE,TYP_CODE) 
VALUES ('Flament','Elisabeth','11 r Pasteur','35000','RENNES','PS')
INSERT INTO PRATICIEN (PRA_NOM,PRA_PRENOM,PRA_ADRESSE,PRA_CP,PRA_VILLE,TYP_CODE) 
VALUES ('Goussard','Emmanuel','9 r Demolombe','41000','BLOIS','PH')
INSERT INTO PRATICIEN (PRA_NOM,PRA_PRENOM,PRA_ADRESSE,PRA_CP,PRA_VILLE,TYP_CODE) 
VALUES ('Desprez','Eric','9 r Vaucelles','33000','BORDEAUX','PO')
INSERT INTO PRATICIEN (PRA_NOM,PRA_PRENOM,PRA_ADRESSE,PRA_CP,PRA_VILLE,TYP_CODE) 
VALUES ('Coste','Evelyne','29 r Lucien Nelle','19000','TULLE','MH')
INSERT INTO PRATICIEN (PRA_NOM,PRA_PRENOM,PRA_ADRESSE,PRA_CP,PRA_VILLE,TYP_CODE) 
VALUES ('Lefebvre','Frédéric','2 pl Wurzburg','55000','VERDUN','MV')
INSERT INTO PRATICIEN (PRA_NOM,PRA_PRENOM,PRA_ADRESSE,PRA_CP,PRA_VILLE,TYP_CODE) 
VALUES ('Lemée','Frédéric','29 av 6 Juin','56000','VANNES','PS')
INSERT INTO PRATICIEN (PRA_NOM,PRA_PRENOM,PRA_ADRESSE,PRA_CP,PRA_VILLE,TYP_CODE) 
VALUES ('Martin','Frédéric','Bât A 90 r Bayeux','70000','VESOUL','PH')
INSERT INTO PRATICIEN (PRA_NOM,PRA_PRENOM,PRA_ADRESSE,PRA_CP,PRA_VILLE,TYP_CODE) 
VALUES ('Marie','Frédérique','172 r Caponière','70000','VESOUL','PO')


  
/* Insertion FAMILLE */ 
INSERT INTO FAMILLE (FAM_CODE,FAM_LIBELLE) VALUES ('AA', 'Antalgiques en association')
INSERT INTO FAMILLE (FAM_CODE,FAM_LIBELLE) VALUES ('AAA', 'Antalgiques antipyréques en association')
INSERT INTO FAMILLE (FAM_CODE,FAM_LIBELLE) VALUES ('AAC', 'Antidépresseur d action centrale')
INSERT INTO FAMILLE (FAM_CODE,FAM_LIBELLE) VALUES ('AAH', 'Antivertigineux antihistaminique H1')
INSERT INTO FAMILLE (FAM_CODE,FAM_LIBELLE) VALUES ('ABA', 'Antibiotique antituberculeux')
INSERT INTO FAMILLE (FAM_CODE,FAM_LIBELLE) VALUES ('ABC', 'Antibiotique antiacnénique local')
INSERT INTO FAMILLE (FAM_CODE,FAM_LIBELLE) VALUES ('ABP', 'Antibiotique de la famille des béta-lactamines')
INSERT INTO FAMILLE (FAM_CODE,FAM_LIBELLE) VALUES ('AFC', 'Antibiotique de la famille des cyclines')
INSERT INTO FAMILLE (FAM_CODE,FAM_LIBELLE) VALUES ('AFM', 'Antibiotique de la famille des macrolides')
INSERT INTO FAMILLE (FAM_CODE,FAM_LIBELLE) VALUES ('AH', 'Antihistaminique H1 local')
INSERT INTO FAMILLE (FAM_CODE,FAM_LIBELLE) VALUES ('AIM', 'Antidépresseur imipraminique -tricyclique-')
INSERT INTO FAMILLE (FAM_CODE,FAM_LIBELLE) VALUES ('AIN', 'Antidépresseur inhibiteur sélectif')
INSERT INTO FAMILLE (FAM_CODE,FAM_LIBELLE) VALUES ('ALO', 'Antibiotique local -ORL-')
INSERT INTO FAMILLE (FAM_CODE,FAM_LIBELLE) VALUES ('ANS', 'Antidépresseur IMAO non sélectif')
INSERT INTO FAMILLE (FAM_CODE,FAM_LIBELLE) VALUES ('AO', 'Antibiotique ophtalmique')
INSERT INTO FAMILLE (FAM_CODE,FAM_LIBELLE) VALUES ('AP', 'Antipsychotique normothymique')
INSERT INTO FAMILLE (FAM_CODE,FAM_LIBELLE) VALUES ('AUM', 'Antibiotique urinaire minute')
INSERT INTO FAMILLE (FAM_CODE,FAM_LIBELLE) VALUES ('CRT', 'Corticoide,antibiotique,antifongique à usage local')
INSERT INTO FAMILLE (FAM_CODE,FAM_LIBELLE) VALUES ('HYP', 'Hypnotique antihistaminique')
INSERT INTO FAMILLE (FAM_CODE,FAM_LIBELLE) VALUES ('PSA', 'Psychostimulant antiasthésique')

/* Insertion MEDICAMENT */
INSERT INTO MEDICAMENT(MED_DEPOTLEGAL,MED_NOMCOMMERCIAL,FAM_CODE,MED_COMPOSITION,MED_EFFETS,MED_CONTREINDIC)         
    VALUES
			('3MYC7', 
			'TRIMYCINE',
			'CRT', 
			'Triamcinolone acétonide + Néomycine + Nystatine',
			'Ce médicament est un corticoïde à  activité forte ou très forte associé à  un antibiotique',
			'Ce médicament est contre-indiqué en cas d allergie à  l un des constituants  d infections de la peau'
			)     

INSERT INTO MEDICAMENT(MED_DEPOTLEGAL,MED_NOMCOMMERCIAL,FAM_CODE,MED_COMPOSITION,MED_EFFETS,MED_CONTREINDIC)         
    VALUES
			('ADIMOL9',
			'ADIMOL',
			'ABP',
			'Amoxicilline + Acide',
			'Ce médicament, plus puissant que les pénicillines simples, est utilisé pour traiter des infections bactériennes spécifiques.',
			'Ce médicament est contre-indiqué en cas d''allergie aux pénicillines ou aux céphalosporines.' 
			)

INSERT INTO MEDICAMENT(MED_DEPOTLEGAL,MED_NOMCOMMERCIAL,FAM_CODE,MED_COMPOSITION,MED_EFFETS,MED_CONTREINDIC)         
    VALUES	
			('AMOPIL7',
			'AMOPIL',
			'ABP',
			'Amoxicilline ',
			'Ce médicament, plus puissant que les pénicillines simples, est utilisé pour traiter des infections bactériennes spécifiques.',
			'Ce médicament est contre-indiqué en cas d''allergie aux pénicillines. Il doit être administré avec prudence en cas d''allergie aux céphalosporines.' 
			)
INSERT INTO MEDICAMENT(MED_DEPOTLEGAL,MED_NOMCOMMERCIAL,FAM_CODE,MED_COMPOSITION,MED_EFFETS,MED_CONTREINDIC)         
    VALUES
			('AMOX45',
			'AMOXAR',
			'ABP',
			'Amoxicilline',
			'Ce médicament, plus puissant que les pénicillines simples, est utilisé pour traiter des infections bactériennes spécifiques.',
			'La prise de ce médicament peut rendre positifs les tests de dépistage du dopage.    '
			)
INSERT INTO MEDICAMENT(MED_DEPOTLEGAL,MED_NOMCOMMERCIAL,FAM_CODE,MED_COMPOSITION,MED_EFFETS,MED_CONTREINDIC)         
    VALUES
		(	'AMOXIG12',
			'AMOXI Gé',
			'ABP',
			'Amoxicilline',
			'Ce médicament, plus puissant que les pénicillines simples, est utilisé pour traiter des infections bactériennes spécifiques.',
			'Ce médicament est contre-indiqué en cas d''allergie aux pénicillines. Il doit être administré avec prudence en cas d''allergie aux céphalosporines.   '
		)
	
INSERT INTO MEDICAMENT(MED_DEPOTLEGAL,MED_NOMCOMMERCIAL,FAM_CODE,MED_COMPOSITION,MED_EFFETS,MED_CONTREINDIC)         
    VALUES
			('APATOUX22',
			 'APATOUX Vitamine C',
			 'ALO',
			 'Tyrothricine + Tétracaïne + Acide ascorbique (Vitamine C)',
			 'Ce médicament est utilisé pour traiter les affections de la bouche et de la gorge.',
			 'Ce médicament est contre-indiqué en cas d''allergie à  l''un des constituants, en cas de phénylcétonurie et chez l''enfant de moins de 6 ans. '
			)
					
INSERT INTO MEDICAMENT(MED_DEPOTLEGAL,MED_NOMCOMMERCIAL,FAM_CODE,MED_COMPOSITION,MED_EFFETS,MED_CONTREINDIC)         
    VALUES
			('BACTIG10',
			'BACTIGEL',
			'ABC',
			'Erythromycine',
			'Ce médicament est utilisé en application locale pour traiter l''acné et les infections cutanées bactériennes associées.',
			'Ce médicament est contre-indiqué en cas d''allergie aux antibiotiques de la famille des macrolides ou des lincosanides.  '
			)

INSERT INTO MEDICAMENT(MED_DEPOTLEGAL,MED_NOMCOMMERCIAL,FAM_CODE,MED_COMPOSITION,MED_EFFETS,MED_CONTREINDIC)         
    VALUES
			('BACTIV13',
			'BACTIVIL',
			'AFM',
			'Erythromycine',
			'Ce médicament est utilisé pour traiter des infections bactériennes spécifiques. ',
			'Ce médicament est contre-indiqué en cas d''allergie aux macrolides (dont le chef de file est l''érythromycine). '
			)	
			
INSERT INTO MEDICAMENT(MED_DEPOTLEGAL,MED_NOMCOMMERCIAL,FAM_CODE,MED_COMPOSITION,MED_EFFETS,MED_CONTREINDIC)         
    VALUES			
			('BITALV', 
			'BIVALIC',
			'AAA',
			'Dextropropoxyphène + Paracétamol',
			'Ce médicament est utilisé pour traiter les douleurs d''intensité modérée ou intense. ', 
			'Ce médicament est contre-indiqué en cas d''allergie aux médicaments de cette famille, d''insuffisance hépatique ou d''insuffisance rénale. '
			)
INSERT INTO MEDICAMENT(MED_DEPOTLEGAL,MED_NOMCOMMERCIAL,FAM_CODE,MED_COMPOSITION,MED_EFFETS,MED_CONTREINDIC)         
    VALUES
			('CARTION6', 
			'CARTION',
			'AAA',
			'Acide acétylsalicylique (aspirine)+ Acide ascorbique (Vitamine C) + Paracétamol',
			'Ce médicament est utilisé dans le traitement symptomatique de la douleur ou de la fièvre. ', 
			'Ce médicament est contre-indiqué en cas de troubles de la coagulation (tendances aux hémorragies), d''ulcère gastroduodénal, maladies graves du foie. '
			)
			
INSERT INTO MEDICAMENT(MED_DEPOTLEGAL,MED_NOMCOMMERCIAL,FAM_CODE,MED_COMPOSITION,MED_EFFETS,MED_CONTREINDIC)         
    VALUES	
			('CLAZER6', 
			'CLAZER',
			'AFM',
			'Clarithromycine',
			'Ce médicament est utilisé pour traiter des infections bactériennes spécifiques. Il est également utilisé dans le traitement de l''ulcère gastro-duodénal, en association avec d''autres médicaments. ', 
			'Ce médicament est contre-indiqué en cas d''allergie aux macrolides (dont le chef de file est l''érythromycine).'
			)
INSERT INTO MEDICAMENT(MED_DEPOTLEGAL,MED_NOMCOMMERCIAL,FAM_CODE,MED_COMPOSITION,MED_EFFETS,MED_CONTREINDIC)         
    VALUES
			('DEPRIL9', 
			'DEPRAMIL',
			'AIM',
			'Clomipramine',
			'Ce médicament est utilisé pour traiter les épisodes dépressifs sévères, certaines douleurs rebelles, les troubles obsessionnels compulsifs et certaines énurésies chez l''enfant.  ',
			'Ce médicament est contre-indiqué en cas de glaucome ou d''adénome de la prostate, d''infarctus récent, ou si vous avez eu un traitement par IMAO durant les 2 semaines précédentes ou en cas d''allergie aux antidépresseurs imipraminiques.' 
			)
INSERT INTO MEDICAMENT(MED_DEPOTLEGAL,MED_NOMCOMMERCIAL,FAM_CODE,MED_COMPOSITION,MED_EFFETS,MED_CONTREINDIC)         
    VALUES			
			('DIMIRTAM6', 
			'DIMIRTAM',
			'AAC',
			'Mirtazapine',
			'Ce médicament est utilisé pour traiter les épisodes dépressifs sévères.',
			'La prise de ce produit est contre-indiquée en cas de d''allergie à l''un des constituants.'
			)	
INSERT INTO MEDICAMENT(MED_DEPOTLEGAL,MED_NOMCOMMERCIAL,FAM_CODE,MED_COMPOSITION,MED_EFFETS,MED_CONTREINDIC)         
    VALUES
			('DOLRIL7', 
			'DOLORIL',
			'AAA',
			'Acide acétylsalicylique (aspirine) + Acide ascorbique (Vitamine C) + Paracétamol',
			'Ce médicament est utilisé dans le traitement symptomatique de la douleur ou de la fièvre.',
			'Ce médicament est contre-indiqué en cas d''allergie au paracétamol ou aux salicylates.'
			)		
	INSERT INTO MEDICAMENT(MED_DEPOTLEGAL,MED_NOMCOMMERCIAL,FAM_CODE,MED_COMPOSITION,MED_EFFETS,MED_CONTREINDIC)         
    VALUES	
			('DORNOM8', 
			'NORMADOR',
			'HYP',
			'Doxylamine',
			'Ce médicament est utilisé pour traiter l''insomnie chez l''adulte.',
			'Ce médicament est contre-indiqué en cas de glaucome, de certains troubles urinaires (rétention urinaire) et chez l''enfant de moins de 15 ans.'
			)		
	INSERT INTO MEDICAMENT(MED_DEPOTLEGAL,MED_NOMCOMMERCIAL,FAM_CODE,MED_COMPOSITION,MED_EFFETS,MED_CONTREINDIC)         
    VALUES	
			('EQUILARX6', 
			'EQUILAR',
			'AAH',
			'Méclozine',
			'Ce médicament est utilisé pour traiter les vertiges et pour prévenir et pour prévenir le mal des transports.',
			'Ce médicament ne doit pas être utilisé en cas d''allergie au produit, en cas de glaucome ou de rétention urinaire.'
			)
	INSERT INTO MEDICAMENT(MED_DEPOTLEGAL,MED_NOMCOMMERCIAL,FAM_CODE,MED_COMPOSITION,MED_EFFETS,MED_CONTREINDIC)         
    VALUES
			('EVILR7', 
			'EVEILLOR',
			'PSA',
			'Adrafinil',
			'Ce médicament est utilisé pour traiter les troubles de la vigilance et certains symptomes neurologiques chez le sujet agé.',
			'Ce médicament est contre-indiqué en cas d''allergie à l''un des constituants.'
			)
INSERT INTO MEDICAMENT(MED_DEPOTLEGAL,MED_NOMCOMMERCIAL,FAM_CODE,MED_COMPOSITION,MED_EFFETS,MED_CONTREINDIC)         
    VALUES
		('INSXT5', 
		'INSECTIL',
		'AH', 
		'Diphénydramine',
		'Ce médicament est utilisé en application locale sur les piqûres d insecte et l urticaire.', 
		'Ce médicament est contre-indiqué en cas d allergie aux antihistaminiques.'
		)
		
INSERT INTO MEDICAMENT(MED_DEPOTLEGAL,MED_NOMCOMMERCIAL,FAM_CODE,MED_COMPOSITION,MED_EFFETS,MED_CONTREINDIC)         
    VALUES
		('JOVAI8',
		'JOVENIL',
		'AFM', 
		'Josamycine',
		'Ce médicament est utilisé pour traiter des infections bactériennes spécifiques.', 
		'Ce médicament est contre-indiqué en cas d allergie aux macrolides '
		)
INSERT INTO MEDICAMENT(MED_DEPOTLEGAL,MED_NOMCOMMERCIAL,FAM_CODE,MED_COMPOSITION,MED_EFFETS,MED_CONTREINDIC)         
    VALUES
		('LIDOXY23', 
		'LIDOXYTRACINE',
		'AFC',
		'Oxytétracycline +Lidocaïne',
		'Ce médicament est utilisé en injection intramusculaire pour traiter certaines infections spécifiques', 
		'Ce médicament est contre-indiqué en cas d allergie à  l un des constituants'
		)
		
INSERT INTO MEDICAMENT(MED_DEPOTLEGAL,MED_NOMCOMMERCIAL,FAM_CODE,MED_COMPOSITION,MED_EFFETS,MED_CONTREINDIC)         
    VALUES
		('LITHOR12',
		'LITHORINE', 
		'AP', 'Lithium',
		'Ce médicament est indiqué dans la prévention des psychoses maniaco-dépressives	',
		'Ce médicament ne doit pas être utilisé si vous êtes allergique au lithium.'
		)
INSERT INTO MEDICAMENT(MED_DEPOTLEGAL,MED_NOMCOMMERCIAL,FAM_CODE,MED_COMPOSITION,MED_EFFETS,MED_CONTREINDIC)         
    VALUES
		('PARMOL16',
		'PARMOCODEINE',
		'AA', 'Codéine + Paracétamol',
		'Ce médicament est utilisé pour le traitement des douleurs lorsque des antalgiques simples ne sont pas efficaces', 
		'Ce médicament est contre-indiqué en cas d allergie à  l un des constituants '
		)
		
INSERT INTO MEDICAMENT(MED_DEPOTLEGAL,MED_NOMCOMMERCIAL,FAM_CODE,MED_COMPOSITION,MED_EFFETS,MED_CONTREINDIC)         
    VALUES
		('PHYSOI8',
		'PHYSICOR', 
		'PSA', 'Sulbutiamine',
		'Ce médicament est utilisé pour traiter les baisses d activité physique ou psychique ', 
		'Ce médicament est contre-indiqué en cas d allergie à  l un des constituants.'
		)

/* Insertion RAPPORT_VISITE */ 
INSERT INTO  RAPPORT_VISITE (PRA_NUM,VIS_MATRICULE,RAP_DATE,RAP_BILAN,RAP_MOTIF) 
VALUES (23,'V025','18/04/2018','Médecin curieux, à recontacer en décembre pour réunion','Actualisation annuelle')
INSERT INTO  RAPPORT_VISITE (PRA_NUM,VIS_MATRICULE,RAP_DATE,RAP_BILAN,RAP_MOTIF) 
VALUES (30,'V025','23/03/2018','RAS Changement de tel : 05 89 89 89 89','Rapport Annuel')
INSERT INTO  RAPPORT_VISITE (PRA_NUM,VIS_MATRICULE,RAP_DATE,RAP_BILAN,RAP_MOTIF) 
VALUES (30,'V026','21/05/2018','Changement de direction, redéfinition de la politique médicamenteuse, recours au générique','Baisse activité')
INSERT INTO  RAPPORT_VISITE (PRA_NUM,VIS_MATRICULE,RAP_DATE,RAP_BILAN,RAP_MOTIF) 
VALUES (30,'V026','13/09/2018','','')
INSERT INTO  RAPPORT_VISITE (PRA_NUM,VIS_MATRICULE,RAP_DATE,RAP_BILAN,RAP_MOTIF) 
VALUES (1,'V001','13/09/2018','','')
INSERT INTO  RAPPORT_VISITE (PRA_NUM,VIS_MATRICULE,RAP_DATE,RAP_BILAN,RAP_MOTIF) 
VALUES (4,'V002' ,'19/01/2019','Médecin curieux, à recontacer en décembre pour réunion','Actualisation annuelle')
	
/* Insertion OFFRIR */
INSERT INTO OFFRIR (RAP_NUM,MED_DEPOTLEGAL,OFF_QTE)
     VALUES (1,'3MYC7',3 )
INSERT INTO OFFRIR (RAP_NUM,MED_DEPOTLEGAL,OFF_QTE)
     VALUES (2,'3MYC7',5 )
INSERT INTO OFFRIR (RAP_NUM,MED_DEPOTLEGAL,OFF_QTE)
     VALUES (1,'ADIMOL9',3 )
INSERT INTO OFFRIR (RAP_NUM,MED_DEPOTLEGAL,OFF_QTE)
     VALUES (3,'ADIMOL9',9)
INSERT INTO OFFRIR (RAP_NUM,MED_DEPOTLEGAL,OFF_QTE)
     VALUES (3,'PARMOL16',2 )